Šifra;Naziv županije;Naziv JLS-a;2012.;2013.;2014.;2015.;2016.;2017.;2018.;;
19;Vukovarsko-srijemska;ANDRIJAŠEVCI;z;.;.;.;.;.;.;;
27;Osje?ko-baranjska;ANTUNOVAC;z;.;.;.;.;.;.;;
35;Vukovarsko-srijemska;BABINA GREDA;.;.;.;.;.;.;.;;
43;Primorsko-goranska;BAKAR;z;z;11;11;z;z;10;;
51;Istarska;BALE - VALLE;z;z;z;.;z;z;z;;
60;Istarska;BARBAN;z;.;z;.;z;.;z;;
78;Karlova?ka;BARILOVI?;.;.;.;.;.;.;.;;
86;Primorsko-goranska;BAŠKA;27;49;34;39;26;44;27;;
94;Splitsko-dalmatinska;BAŠKA VODA;19;25;22;30;30;30;25;;
108;Brodsko-posavska;BEBRINA;.;.;.;.;.;.;.;;
116;Krapinsko-zagorska;BEDEKOV?INA;z;z;z;z;z;z;z;;
5509;Zagreba?ka;BEDENICA;.;.;.;.;.;.;.;;
124;Varaždinska;BEDNJA;z;z;z;.;z;.;z;;
132;Osje?ko-baranjska;BELI MANASTIR;18;12;14;20;34;24;19;;
159;Me?imurska;BELICA;.;.;.;z;.;.;.;;
167;Osje?ko-baranjska;BELIŠ?E;12;z;13;30;10;13;16;;
175;Zadarska;BENKOVAC;z;z;10;z;25;25;21;;
183;Bjelovarsko-bilogorska;BEREK;.;.;.;.;z;.;.;;
191;Varaždinska;BERETINEC;.;.;.;.;.;.;.;;
205;Zadarska;BIBINJE;z;z;z;z;.;z;z;;
6211;Šibensko-kninska;BILICE;z;.;.;.;.;z;.;;
213;Osje?ko-baranjska;BILJE;.;z;z;.;z;.;.;;
221;Zadarska;BIOGRAD NA MORU;56;37;61;57;67;112;65;;
3107;Šibensko-kninska;BISKUPIJA;.;.;.;.;.;.;.;;
5479;Zagreba?ka;BISTRA;z;z;.;.;z;.;z;;
230;Osje?ko-baranjska;BIZOVAC;.;.;.;.;.;.;z;;
248;Bjelovarsko-bilogorska;BJELOVAR;120;77;78;83;88;101;158;;
256;Dubrova?ko-neretvanska;BLATO;z;.;.;z;z;z;z;;
264;Vukovarsko-srijemska;BOGDANOVCI;.;.;.;.;.;.;.;;
272;Splitsko-dalmatinska;BOL;32;11;11;13;34;31;14;;
299;Vukovarsko-srijemska;BOROVO;z;.;z;.;z;.;.;;
302;Karlova?ka;BOSILJEVO;.;.;.;.;.;.;.;;
329;Vukovarsko-srijemska;BOŠNJACI;.;.;.;.;.;.;z;;
337;Zagreba?ka;BRCKOVLJANI;z;z;.;.;z;.;z;;
345;Zagreba?ka;BRDOVEC;z;z;z;z;z;.;z;;
779;Splitsko-dalmatinska;BRELA;z;z;z;z;z;11;z;;
353;Požeško-slavonska;BRESTOVAC;.;.;.;.;.;.;.;;
361;Varaždinska;BREZNICA;.;.;.;.;z;.;.;;
1511;Varaždinska;BREZNI?KI HUM;.;.;.;.;.;.;.;;
370;Li?ko-senjska;BRINJE;z;.;.;z;.;.;.;;
388;Primorsko-goranska;BROD MORAVICE;.;.;.;z;.;.;z;;
396;Brodsko-posavska;BRODSKI STUPNIK;.;.;.;.;z;.;.;;
400;Istarska;BRTONIGLA - VERTENEGLIO;10;z;z;13;51;18;14;;
418;Krapinsko-zagorska;BUDINŠ?INA;.;z;.;.;.;.;.;;
426;Istarska;BUJE - BUIE;14;14;15;15;10;23;42;;
5673;Brodsko-posavska;BUKOVLJE;.;.;.;.;.;.;.;;
434;Istarska;BUZET;z;z;z;z;z;z;z;;
442;Vukovarsko-srijemska;CERNA;.;.;.;z;.;.;z;;
469;Brodsko-posavska;CERNIK;.;.;.;.;z;.;.;;
477;Istarska;CEROVLJE;.;.;z;.;.;.;z;;
485;Varaždinska;CESTICA;.;.;.;z;z;.;.;;
493;Karlova?ka;CETINGRAD;.;.;.;.;.;.;.;;
507;Splitsko-dalmatinska;CISTA PROVO;.;.;z;.;.;.;.;;
515;Šibensko-kninska;CIVLJANE;.;.;.;.;.;.;.;;
523;Primorsko-goranska;CRES;24;24;46;30;32;47;58;;
531;Primorsko-goranska;CRIKVENICA;185;135;174;150;244;226;295;;
540;Viroviti?ko-podravska;CRNAC;.;z;.;z;.;.;.;;
558;Primorsko-goranska;?ABAR;z;.;z;z;z;z;z;;
566;Viroviti?ko-podravska;?A?INCI;z;.;.;.;.;.;z;;
574;Viroviti?ko-podravska;?A?AVICA;.;z;.;.;.;.;.;;
582;Požeško-slavonska;?AGLIN;.;z;.;.;.;.;.;;
604;Me?imurska;?AKOVEC;80;53;117;91;214;188;183;;
612;Primorsko-goranska;?AVLE;18;13;z;z;10;15;z;;
639;Bjelovarsko-bilogorska;?AZMA;z;z;z;z;z;10;16;;
647;Osje?ko-baranjska;?EMINAC;z;z;z;.;z;.;z;;
655;Osje?ko-baranjska;?EPIN;z;z;z;.;.;.;z;;
663;Osje?ko-baranjska;DARDA;z;z;z;z;11;z;z;;
671;Bjelovarsko-bilogorska;DARUVAR;19;22;14;18;27;21;26;;
680;Brodsko-posavska;DAVOR;.;.;.;.;.;.;.;;
6033;Me?imurska;DEKANOVEC;.;.;z;.;.;.;.;;
698;Primorsko-goranska;DELNICE;12;z;z;z;12;12;11;;
701;Krapinsko-zagorska;DESINI?;.;z;z;.;z;.;z;;
710;Bjelovarsko-bilogorska;DEŽANOVAC;.;.;.;.;.;.;.;;
728;Splitsko-dalmatinska;DICMO;.;.;.;.;.;.;.;;
744;Primorsko-goranska;DOBRINJ;112;78;91;78;78;121;74;;
752;Me?imurska;DOMAŠINEC;.;.;.;.;.;.;z;;
787;Me?imurska;DONJA DUBRAVA;.;z;.;.;z;.;.;;
5762;Osje?ko-baranjska;DONJA MOTI?INA;.;.;.;.;.;.;.;;
795;Krapinsko-zagorska;DONJA STUBICA;z;z;.;z;z;z;z;;
809;Varaždinska;DONJA VO?A;.;z;.;.;.;.;z;;
817;Brodsko-posavska;DONJI ANDRIJEVCI;.;.;.;z;.;.;z;;
825;Me?imurska;DONJI KRALJEVEC;z;.;.;.;.;z;z;;
833;Sisa?ko-moslava?ka;DONJI KUKURUZARI;.;.;.;.;.;.;.;;
841;Li?ko-senjska;DONJI LAPAC;.;z;.;z;.;.;z;;
868;Osje?ko-baranjska;DONJI MIHOLJAC;z;z;12;13;13;23;15;;
892;Me?imurska;DONJI VIDOVEC;.;.;.;.;.;.;.;;
5681;Brodsko-posavska;DRAGALI?;.;.;.;.;.;.;.;;
906;Karlova?ka;DRAGANI?;.;.;.;.;z;.;.;;
914;Osje?ko-baranjska;DRAŽ;.;.;.;z;.;.;.;;
922;Vukovarsko-srijemska;DRENOVCI;.;z;.;.;z;.;.;;
949;Osje?ko-baranjska;DRENJE;.;.;.;.;.;.;.;;
957;Šibensko-kninska;DRNIŠ;z;z;z;z;z;z;11;;
965;Koprivni?ko-križeva?ka;DRNJE;.;.;.;.;.;.;z;;
973;Zagreba?ka;DUBRAVA;.;.;.;z;z;.;.;;
5495;Zagreba?ka;DUBRAVICA;.;.;.;.;z;.;.;;
5983;Dubrova?ko-neretvanska;DUBROVA?KO PRIMORJE;z;.;z;z;.;z;z;;
981;Dubrova?ko-neretvanska;DUBROVNIK;235;225;273;254;290;327;273;;
990;Karlova?ka;DUGA RESA;18;12;21;19;31;20;27;;
1007;Splitsko-dalmatinska;DUGI RAT;10;z;z;11;11;17;21;;
1015;Zagreba?ka;DUGO SELO;88;50;39;43;45;61;68;;
5851;Splitsko-dalmatinska;DUGOPOLJE;.;z;z;z;z;z;20;;
1023;Sisa?ko-moslava?ka;DVOR;.;.;.;.;.;.;z;;
1031;Osje?ko-baranjska;?AKOVO;73;55;30;57;72;50;58;;
1040;Koprivni?ko-križeva?ka;?ELEKOVEC;.;z;.;.;z;.;z;;
1058;Bjelovarsko-bilogorska;?ULOVAC;.;.;z;.;.;.;z;;
1066;Osje?ko-baranjska;?UR?ENOVAC;z;z;z;z;15;z;10;;
1074;Koprivni?ko-križeva?ka;?UR?EVAC;z;12;z;11;14;13;19;;
1082;Krapinsko-zagorska;?URMANEC;.;z;.;.;.;.;.;;
1104;Osje?ko-baranjska;ERDUT;.;.;.;.;.;.;.;;
1112;Osje?ko-baranjska;ERNESTINOVO;.;.;.;.;.;.;.;;
1139;Šibensko-kninska;ERVENIK;.;.;.;.;.;.;.;;
1147;Zagreba?ka;FARKAŠEVAC;.;.;.;.;.;.;.;;
6190;Istarska;FAŽANA - FASANA;25;25;33;35;35;35;55;;
1155;Koprivni?ko-križeva?ka;FERDINANDOVAC;z;.;.;z;.;.;z;;
1163;Osje?ko-baranjska;FERI?ANCI;.;.;.;.;.;.;.;;
6297;Istarska;FUNTANA - FONTANE;z;z;22;11;11;23;13;;
1171;Primorsko-goranska;FUŽINE;19;z;z;z;z;.;14;;
5711;Zadarska;GALOVAC;.;.;.;.;.;.;.;;
1180;Brodsko-posavska;GAR?IN;.;.;z;z;.;.;z;;
1198;Bjelovarsko-bilogorska;GAREŠNICA;z;10;12;z;z;z;15;;
1201;Karlova?ka;GENERALSKI STOL;.;.;.;.;.;.;.;;
1210;Sisa?ko-moslava?ka;GLINA;z;z;z;.;z;z;z;;
1228;Koprivni?ko-križeva?ka;GOLA;z;.;z;.;.;.;z;;
1236;Me?imurska;GORI?AN;z;.;.;.;.;.;z;;
1244;Osje?ko-baranjska;GORJANI;.;.;.;.;.;.;.;;
6181;Koprivni?ko-križeva?ka;GORNJA RIJEKA;z;z;.;.;.;.;.;;
1252;Krapinsko-zagorska;GORNJA STUBICA;.;z;.;.;.;.;z;;
5690;Brodsko-posavska;GORNJA VRBA;.;.;.;.;.;.;.;;
1279;Brodsko-posavska;GORNJI BOGI?EVCI;.;.;.;.;.;.;.;;
1295;Varaždinska;GORNJI KNEGINEC;.;.;z;z;.;.;.;;
6041;Me?imurska;GORNJI MIHALJEVEC;z;.;.;.;.;.;.;;
1309;Li?ko-senjska;GOSPI?;34;38;18;27;68;35;41;;
1317;Zadarska;GRA?AC;z;z;z;z;z;.;.;;
1325;Istarska;GRA?IŠ?E;.;.;.;.;.;.;.;;
1333;Grad Zagreb;GRAD ZAGREB;4834;4506;4280;5401;7278;7516;8362;;
1341;Splitsko-dalmatinska;GRADAC;z;z;z;z;z;z;z;;
1350;Zagreba?ka;GRADEC;z;.;z;.;.;.;.;;
1368;Viroviti?ko-podravska;GRADINA;.;z;.;.;.;.;.;;
1376;Vukovarsko-srijemska;GRADIŠTE;.;.;.;z;.;.;.;;
1384;Istarska;GROŽNJAN - GRISIGNANA;.;.;.;z;.;.;z;;
1392;Bjelovarsko-bilogorska;GRUBIŠNO POLJE;z;10;z;.;z;z;z;;
1406;Brodsko-posavska;GUNDINCI;.;.;.;.;.;.;.;;
1414;Vukovarsko-srijemska;GUNJA;.;z;.;.;.;.;z;;
5100;Sisa?ko-moslava?ka;GVOZD;.;z;.;.;z;.;z;;
1449;Bjelovarsko-bilogorska;HERCEGOVAC;.;z;.;.;.;.;z;;
1457;Koprivni?ko-križeva?ka;HLEBINE;.;.;.;.;.;.;z;;
1465;Krapinsko-zagorska;HRAŠ?INA;.;.;.;.;.;.;z;;
1481;Splitsko-dalmatinska;HRVACE;.;.;.;z;.;.;.;;
1490;Sisa?ko-moslava?ka;HRVATSKA DUBICA;.;.;.;.;.;.;.;;
1503;Sisa?ko-moslava?ka;HRVATSKA KOSTAJNICA;z;.;z;z;z;z;z;;
1520;Krapinsko-zagorska;HUM NA SUTLI;z;z;z;z;z;z;z;;
1538;Splitsko-dalmatinska;HVAR;12;18;12;z;19;26;25;;
1546;Vukovarsko-srijemska;ILOK;.;.;.;z;z;z;z;;
1554;Splitsko-dalmatinska;IMOTSKI;13;11;z;z;12;z;11;;
1562;Varaždinska;IVANEC;17;10;19;17;24;13;21;;
1589;Zagreba?ka;IVANI?-GRAD;21;16;29;24;24;27;32;;
1597;Vukovarsko-srijemska;IVANKOVO;.;.;z;.;z;.;z;;
1619;Bjelovarsko-bilogorska;IVANSKA;.;.;.;.;.;.;.;;
6092;Osje?ko-baranjska;JAGODNJAK;.;.;.;.;.;.;.;;
1635;Zagreba?ka;JAKOVLJE;.;z;.;.;.;.;.;;
1643;Požeško-slavonska;JAKŠI?;.;.;.;.;.;.;.;;
1651;Varaždinska;JALŽABET;.;.;.;.;.;.;.;;
5991;Dubrova?ko-neretvanska;JANJINA;z;z;z;.;.;.;.;;
1660;Vukovarsko-srijemska;JARMINA;.;.;.;.;.;.;.;;
1678;Zadarska;JASENICE;z;z;z;z;13;z;z;;
1686;Sisa?ko-moslava?ka;JASENOVAC;.;.;.;.;.;.;z;;
1694;Zagreba?ka;JASTREBARSKO;z;z;z;15;32;12;25;;
1708;Primorsko-goranska;JELENJE;.;z;z;z;z;.;z;;
1716;Splitsko-dalmatinska;JELSA;z;z;z;z;z;z;z;;
5525;Krapinsko-zagorska;JESENJE;.;.;.;.;.;.;.;;
1724;Karlova?ka;JOSIPDOL;.;.;z;.;.;.;z;;
1732;Zadarska;KALI;z;.;.;z;z;z;z;;
5592;Koprivni?ko-križeva?ka;KALINOVAC;.;.;.;z;z;.;z;;
5606;Koprivni?ko-križeva?ka;KALNIK;.;.;.;.;.;.;.;;
6238;Karlova?ka;KAMANJE;.;.;.;.;.;.;.;;
1759;Istarska;KANFANAR;.;z;z;z;z;.;z;;
1767;Bjelovarsko-bilogorska;KAPELA;.;z;z;.;.;.;z;;
1775;Požeško-slavonska;KAPTOL;z;.;.;z;.;.;z;;
1783;Li?ko-senjska;KARLOBAG;14;z;11;z;10;13;z;;
1791;Karlova?ka;KARLOVAC;264;214;240;260;437;251;278;;
5967;Istarska;KAROJBA;.;.;.;z;.;.;.;;
1805;Primorsko-goranska;KASTAV;51;23;35;43;57;88;57;;
1813;Splitsko-dalmatinska;KAŠTELA;51;66;65;69;95;135;173;;
5975;Istarska;KAŠTELIR-LABINCI - CASTELLIERE-S. DOMENICA;z;z;11;z;.;z;z;;
1830;Šibensko-kninska;KIJEVO;.;.;.;.;.;.;.;;
1848;Šibensko-kninska;KISTANJE;z;.;.;.;z;.;.;;
1856;Brodsko-posavska;KLAKAR;.;.;.;.;.;.;z;;
1864;Primorsko-goranska;KLANA;z;z;z;z;.;z;z;;
1872;Krapinsko-zagorska;KLANJEC;z;z;.;.;z;.;.;;
1899;Varaždinska;KLENOVNIK;.;z;.;z;.;.;.;;
1902;Zagreba?ka;KLIN?A SELA;z;.;z;23;14;z;z;;
1929;Splitsko-dalmatinska;KLIS;z;z;z;14;11;15;26;;
1937;Zagreba?ka;KLOŠTAR IVANI?;.;z;.;.;z;z;z;;
1945;Koprivni?ko-križeva?ka;KLOŠTAR PODRAVSKI;z;.;.;.;.;.;z;;
1953;Osje?ko-baranjska;KNEŽEVI VINOGRADI;z;.;.;z;z;.;z;;
1961;Šibensko-kninska;KNIN;49;35;59;33;48;50;82;;
6220;Zadarska;KOLAN;29;42;72;42;48;70;102;;
1970;Splitsko-dalmatinska;KOMIŽA;.;z;.;z;z;z;z;;
1988;Dubrova?ko-neretvanska;KONAVLE;35;43;34;23;24;12;29;;
1996;Bjelovarsko-bilogorska;KON?ANICA;.;.;.;.;.;.;.;;
2003;Krapinsko-zagorska;KONJŠ?INA;z;z;z;z;z;z;z;;
2011;Koprivni?ko-križeva?ka;KOPRIVNICA;88;49;96;64;77;125;156;;
2020;Koprivni?ko-križeva?ka;KOPRIVNI?KI BREGI;z;z;.;.;z;.;z;;
2038;Koprivni?ko-križeva?ka;KOPRIVNI?KI IVANEC;.;.;.;.;.;.;.;;
2046;Dubrova?ko-neretvanska;KOR?ULA;z;14;13;z;26;39;18;;
5380;Primorsko-goranska;KOSTRENA;25;23;26;39;15;26;29;;
2054;Osje?ko-baranjska;KOŠKA;z;.;.;.;.;.;.;;
2062;Me?imurska;KOTORIBA;.;.;z;.;z;.;z;;
2089;Krapinsko-zagorska;KRALJEVEC NA SUTLI;.;.;.;.;.;.;.;;
2097;Primorsko-goranska;KRALJEVICA;10;z;20;11;24;12;20;;
2119;Krapinsko-zagorska;KRAPINA;34;41;40;14;33;21;23;;
2127;Krapinsko-zagorska;KRAPINSKE TOPLICE;z;z;13;z;z;z;17;;
5339;Zagreba?ka;KRAŠI?;.;z;z;.;.;.;.;;
5452;Zagreba?ka;KRAVARSKO;.;.;.;.;.;.;.;;
2135;Zagreba?ka;KRIŽ;z;z;z;z;z;z;10;;
2143;Koprivni?ko-križeva?ka;KRIŽEVCI;22;23;14;19;27;31;29;;
2151;Primorsko-goranska;KRK;56;64;62;71;76;90;77;;
2160;Karlova?ka;KRNJAK;.;.;.;.;.;.;.;;
2178;Istarska;KRŠAN;z;z;z;z;z;z;z;;
5720;Zadarska;KUKLJICA;z;z;z;.;z;z;z;;
2194;Dubrova?ko-neretvanska;KULA NORINSKA;.;.;.;.;z;.;.;;
5533;Krapinsko-zagorska;KUMROVEC;z;z;.;.;z;.;.;;
2208;Sisa?ko-moslava?ka;KUTINA;38;24;21;14;53;38;35;;
2216;Požeško-slavonska;KUTJEVO;.;z;.;z;z;.;z;;
2224;Istarska;LABIN;46;47;44;38;76;70;88;;
2232;Istarska;LANIŠ?E;.;.;.;.;.;.;.;;
2259;Karlova?ka;LASINJA;.;.;.;.;.;.;.;;
2267;Dubrova?ko-neretvanska;LASTOVO;z;z;z;.;z;z;z;;
5860;Splitsko-dalmatinska;LE?EVICA;.;.;.;.;.;.;.;;
2275;Koprivni?ko-križeva?ka;LEGRAD;.;z;.;.;.;.;z;;
2283;Sisa?ko-moslava?ka;LEKENIK;.;.;.;.;.;.;.;;
2291;Varaždinska;LEPOGLAVA;z;z;z;z;z;.;z;;
2305;Osje?ko-baranjska;LEVANJSKA VAROŠ;.;.;.;.;.;.;.;;
2313;Požeško-slavonska;LIPIK;z;z;z;z;z;z;z;;
2321;Sisa?ko-moslava?ka;LIPOVLJANI;z;.;.;.;.;.;z;;
2348;Zadarska;LIŠANE OSTROVI?KE;.;.;.;.;.;.;.;;
2356;Istarska;LIŽNJAN - LISIGNANO;35;40;34;28;50;87;55;;
2364;Krapinsko-zagorska;LOBOR;.;.;.;.;.;.;.;;
2372;Primorsko-goranska;LOKVE;.;z;z;.;z;.;.;;
5878;Splitsko-dalmatinska;LOKVI?I?I;.;.;.;.;.;.;.;;
6246;Primorsko-goranska;LOPAR;.;.;.;z;.;z;z;;
2399;Vukovarsko-srijemska;LOVAS;.;.;.;.;.;.;.;;
2402;Li?ko-senjska;LOVINAC;.;.;.;.;.;.;.;;
2429;Primorsko-goranska;LOVRAN;33;50;25;73;43;45;39;;
2437;Splitsko-dalmatinska;LOVRE?;.;.;z;z;.;.;.;;
2445;Varaždinska;LUDBREG;27;14;22;12;34;19;34;;
5487;Zagreba?ka;LUKA;.;.;.;.;.;.;.;;
2453;Viroviti?ko-podravska;LUKA?;.;.;.;z;.;.;.;;
6009;Dubrova?ko-neretvanska;LUMBARDA;z;z;z;z;z;z;z;;
2461;Istarska;LUPOGLAV;.;.;.;.;.;.;.;;
2470;Varaždinska;LJUBEŠ?ICA;.;z;.;.;.;.;.;;
2488;Krapinsko-zagorska;MA?E;z;z;z;.;.;.;z;;
5789;Osje?ko-baranjska;MAGADENOVAC;.;.;.;.;.;.;.;;
5550;Sisa?ko-moslava?ka;MAJUR;.;.;.;.;.;.;.;;
2496;Splitsko-dalmatinska;MAKARSKA;152;152;265;134;166;206;227;;
2500;Me?imurska;MALA SUBOTICA;.;.;.;.;.;.;.;;
2518;Varaždinska;MALI BUKOVEC;.;.;.;.;.;.;.;;
2526;Primorsko-goranska;MALI LOŠINJ;58;44;69;44;69;91;69;;
2534;Primorsko-goranska;MALINSKA-DUBAŠNICA;114;155;128;119;137;171;142;;
2542;Istarska;MAR?ANA;z;12;z;z;20;20;20;;
2569;Krapinsko-zagorska;MARIJA BISTRICA;.;.;z;.;.;z;z;;
5398;Zagreba?ka;MARIJA GORICA;.;.;.;.;.;.;z;;
2577;Osje?ko-baranjska;MARIJANCI;.;.;.;.;.;.;.;;
2585;Splitsko-dalmatinska;MARINA;z;z;20;25;13;10;z;;
6106;Vukovarsko-srijemska;MARKUŠICA;.;.;.;.;.;.;.;;
850;Varaždinska;MARTIJANEC;.;.;.;.;.;.;.;;
2593;Sisa?ko-moslava?ka;MARTINSKA VES;.;.;.;.;.;.;.;;
2607;Varaždinska;MARUŠEVEC;z;z;.;z;z;.;z;;
2615;Primorsko-goranska;MATULJI;55;38;29;56;48;51;58;;
2631;Istarska;MEDULIN;113;140;132;115;105;149;139;;
2640;Dubrova?ko-neretvanska;METKOVI?;28;30;41;16;28;42;68;;
2658;Krapinsko-zagorska;MIHOVLJAN;.;.;.;.;.;.;.;;
2666;Viroviti?ko-podravska;MIKLEUŠ;.;.;.;.;.;.;.;;
2674;Splitsko-dalmatinska;MILNA;11;z;z;.;z;10;z;;
2682;Dubrova?ko-neretvanska;MLJET;.;.;.;.;.;z;.;;
2704;Koprivni?ko-križeva?ka;MOLVE;.;.;.;z;.;.;z;;
2739;Primorsko-goranska;MOŠ?ENI?KA DRAGA;z;z;z;z;z;z;z;;
2747;Istarska;MOTOVUN - MONTONA;.;.;z;z;.;.;z;;
2755;Primorsko-goranska;MRKOPALJ;z;z;z;z;.;.;z;;
876;Splitsko-dalmatinska;MU?;.;.;.;.;.;.;.;;
2763;Me?imurska;MURSKO SREDIŠ?E;z;.;z;10;z;.;20;;
6173;Šibensko-kninska;MURTER - KORNATI;z;z;z;z;20;28;18;;
2780;Osje?ko-baranjska;NAŠICE;45;24;32;40;45;44;48;;
2798;Me?imurska;NEDELIŠ?E;.;.;z;.;.;.;z;;
6122;Vukovarsko-srijemska;NEGOSLAVCI;.;.;.;.;.;.;.;;
2801;Splitsko-dalmatinska;NEREŽIŠ?A;.;.;.;.;.;.;z;;
2810;Karlova?ka;NETRETI?;.;.;.;z;.;.;.;;
2950;Vukovarsko-srijemska;NIJEMCI;.;.;.;.;.;.;.;;
2828;Zadarska;NIN;36;11;21;50;26;38;69;;
2836;Viroviti?ko-podravska;NOVA BUKOVICA;.;.;.;.;.;z;.;;
2844;Brodsko-posavska;NOVA GRADIŠKA;15;34;22;24;22;29;30;;
2852;Brodsko-posavska;NOVA KAPELA;.;.;z;.;.;.;.;;
2879;Bjelovarsko-bilogorska;NOVA RA?A;.;.;.;.;z;.;z;;
2887;Li?ko-senjska;NOVALJA;254;170;227;158;189;215;230;;
5541;Krapinsko-zagorska;NOVI GOLUBOVEC;.;.;.;.;.;.;.;;
2895;Varaždinska;NOVI MAROF;z;z;z;z;z;z;z;;
2909;Primorsko-goranska;NOVI VINODOLSKI;26;39;65;47;61;59;92;;
5371;Zadarska;NOVIGRAD;.;z;z;z;z;192;173;;
2917;Istarska;NOVIGRAD - CITTANOVA;.;.;.;.;.;.;z;;
2925;Koprivni?ko-križeva?ka;NOVIGRAD PODRAVSKI;.;z;z;.;.;.;z;;
5614;Koprivni?ko-križeva?ka;NOVO VIRJE;.;.;.;.;.;.;z;;
2933;Sisa?ko-moslava?ka;NOVSKA;z;z;z;z;z;z;12;;
2941;Vukovarsko-srijemska;NUŠTAR;.;z;.;.;.;.;z;;
2968;Zadarska;OBROVAC;z;z;27;20;15;13;19;;
2976;Karlova?ka;OGULIN;16;14;12;11;16;23;26;;
5886;Splitsko-dalmatinska;OKRUG;57;54;46;51;38;63;88;;
2992;Brodsko-posavska;OKU?ANI;z;z;.;z;z;.;z;;
3000;Splitsko-dalmatinska;OMIŠ;56;31;31;32;37;31;49;;
3018;Primorsko-goranska;OMIŠALJ;36;50;55;55;57;52;59;;
3026;Primorsko-goranska;OPATIJA;89;102;132;144;117;109;125;;
3034;Brodsko-posavska;OPRISAVCI;.;.;.;.;.;.;.;;
3042;Istarska;OPRTALJ - PORTOLE;.;.;.;.;.;.;.;;
3069;Dubrova?ko-neretvanska;OPUZEN;z;z;z;z;z;.;z;;
3077;Viroviti?ko-podravska;ORAHOVICA;z;z;z;z;10;z;z;;
3085;Dubrova?ko-neretvanska;OREBI?;z;z;z;z;10;15;z;;
6050;Me?imurska;OREHOVICA;.;.;.;.;z;.;.;;
3093;Brodsko-posavska;ORIOVAC;z;.;z;.;z;z;z;;
5428;Zagreba?ka;ORLE;.;.;.;.;.;.;.;;
3115;Krapinsko-zagorska;OROSLAVJE;20;12;z;z;z;19;24;;
3123;Osje?ko-baranjska;OSIJEK;755;655;648;1019;1510;813;949;;
3131;Li?ko-senjska;OTO?AC;10;z;z;z;11;z;11;;
3140;Splitsko-dalmatinska;OTOK;.;.;.;.;.;.;.;;
5355;Vukovarsko-srijemska;OTOK;.;.;z;.;z;.;.;;
3158;Karlova?ka;OZALJ;z;z;z;z;z;.;z;;
3166;Zadarska;PAG;40;43;67;56;78;54;47;;
3174;Zadarska;PAKOŠTANE;29;24;32;21;27;28;23;;
3182;Požeško-slavonska;PAKRAC;13;10;11;11;z;z;16;;
3204;Zadarska;PAŠMAN;20;33;30;24;33;23;44;;
3212;Istarska;PAZIN;20;11;10;26;11;35;22;;
3239;Li?ko-senjska;PERUŠI?;z;z;.;z;.;.;z;;
3247;Koprivni?ko-križeva?ka;PETERANEC;.;.;.;.;.;.;z;;
3255;Osje?ko-baranjska;PETLOVAC;.;.;.;.;.;.;.;;
3263;Varaždinska;PETRIJANEC;.;.;.;z;.;.;z;;
3271;Osje?ko-baranjska;PETRIJEVCI;z;.;.;.;.;.;.;;
3280;Sisa?ko-moslava?ka;PETRINJA;16;12;19;10;26;27;34;;
3298;Krapinsko-zagorska;PETROVSKO;.;.;.;.;.;.;.;;
3301;Istarska;PI?AN;z;.;.;z;.;.;.;;
5819;Šibensko-kninska;PIROVAC;z;z;z;z;z;25;19;;
3310;Zagreba?ka;PISAROVINA;.;.;.;.;.;.;.;;
3328;Viroviti?ko-podravska;PITOMA?A;z;z;z;z;z;z;z;;
3336;Karlova?ka;PLAŠKI;.;.;.;.;.;.;.;;
3344;Požeško-slavonska;PLETERNICA;z;.;.;.;.;.;z;;
4553;Li?ko-senjska;PLITVI?KA JEZERA;z;z;z;z;z;z;16;;
3352;Dubrova?ko-neretvanska;PLO?E;37;17;10;33;48;43;38;;
3379;Splitsko-dalmatinska;PODBABLJE;.;.;.;.;.;.;.;;
3387;Brodsko-posavska;PODCRKAVLJE;.;.;.;.;.;.;.;;
3395;Splitsko-dalmatinska;PODGORA;27;z;z;z;10;13;z;;
3409;Osje?ko-baranjska;PODGORA?;.;.;.;.;z;.;.;;
2712;Osje?ko-baranjska;PODRAVSKA MOSLAVINA;.;.;.;.;.;.;.;;
6165;Koprivni?ko-križeva?ka;PODRAVSKE SESVETE;.;.;.;.;.;.;z;;
3417;Splitsko-dalmatinska;PODSTRANA;12;16;62;35;60;38;54;;
3425;Me?imurska;PODTUREN;.;.;.;z;.;.;z;;
3433;Dubrova?ko-neretvanska;POJEZERJE;.;.;z;.;.;.;.;;
5444;Zagreba?ka;POKUPSKO;.;.;.;z;.;.;.;;
3441;Zadarska;POLA?A;.;z;z;z;z;.;.;;
3450;Zadarska;POLI?NIK;.;.;.;z;.;.;z;;
3468;Osje?ko-baranjska;POPOVAC;.;z;.;z;z;.;z;;
3476;Sisa?ko-moslava?ka;POPOVA?A;14;z;z;z;z;12;z;;
3484;Istarska;PORE? - PARENZO;190;150;182;181;253;271;259;;
3492;Zadarska;POSEDARJE;z;11;z;25;17;25;17;;
3506;Splitsko-dalmatinska;POSTIRA;z;z;z;z;z;z;z;;
5738;Zadarska;POVLJANA;42;34;48;22;26;29;49;;
3514;Požeško-slavonska;POŽEGA;52;43;49;43;76;83;62;;
3522;Krapinsko-zagorska;PREGRADA;.;z;z;z;z;.;14;;
3549;Zadarska;PREKO;10;z;z;17;13;11;20;;
3557;Me?imurska;PRELOG;15;z;10;z;z;z;z;;
3565;Zagreba?ka;PRESEKA;z;.;.;.;.;.;.;;
5894;Splitsko-dalmatinska;PRGOMET;.;.;.;.;.;.;.;;
6203;Me?imurska;PRIBISLAVEC;.;.;z;.;z;.;.;;
5908;Splitsko-dalmatinska;PRIMORSKI DOLAC;.;.;.;.;.;.;.;;
3573;Šibensko-kninska;PRIMOŠTEN;z;z;z;z;27;10;15;;
5835;Vukovarsko-srijemska;PRIVLAKA;11;10;13;z;10;28;51;;
5746;Zadarska;PRIVLAKA;.;.;.;.;.;.;.;;
884;Splitsko-dalmatinska;PROLOŽAC;.;.;.;.;.;.;.;;
2984;Šibensko-kninska;PROMINA;.;.;.;z;.;.;.;;
3581;Splitsko-dalmatinska;PU?IŠ?A;z;.;z;z;.;.;z;;
3590;Istarska;PULA - POLA;386;438;492;420;572;730;703;;
3603;Primorsko-goranska;PUNAT;16;11;23;22;21;11;40;;
3611;Osje?ko-baranjska;PUNITOVCI;.;.;.;.;.;.;.;;
3620;Zagreba?ka;PUŠ?A;.;.;.;.;.;.;.;;
3638;Primorsko-goranska;RAB;52;45;44;52;57;71;61;;
3646;Krapinsko-zagorska;RADOBOJ;z;.;.;.;.;.;.;;
5363;Zagreba?ka;RAKOVEC;.;.;.;.;z;.;.;;
3654;Karlova?ka;RAKOVICA;.;.;.;z;.;.;.;;
3662;Koprivni?ko-križeva?ka;RASINJA;.;.;.;.;.;.;z;;
3689;Istarska;RAŠA;14;z;10;z;10;13;20;;
3697;Primorsko-goranska;RAVNA GORA;.;.;.;.;.;.;z;;
3719;Zadarska;RAŽANAC;z;z;z;z;z;z;z;;
3727;Brodsko-posavska;REŠETARI;.;.;.;.;.;.;.;;
5568;Karlova?ka;RIBNIK;.;.;.;.;.;.;.;;
3735;Primorsko-goranska;RIJEKA;860;878;1091;1129;1285;1217;1277;;
5827;Šibensko-kninska;ROGOZNICA;22;22;11;22;19;33;46;;
3743;Istarska;ROVINJ - ROVIGNO;105;123;128;145;171;224;203;;
3751;Bjelovarsko-bilogorska;ROVIŠ?E;.;.;.;.;.;.;.;;
3760;Zagreba?ka;RUGVICA;z;.;z;z;.;.;z;;
5916;Splitsko-dalmatinska;RUNOVI?I;.;.;.;.;.;.;.;;
3778;Šibensko-kninska;RUŽI?;.;.;.;.;.;.;.;;
3786;Karlova?ka;SABORSKO;.;.;.;.;.;.;.;;
3794;Zadarska;SALI;.;.;z;z;.;.;z;;
3808;Zagreba?ka;SAMOBOR;54;94;67;78;149;161;223;;
3816;Osje?ko-baranjska;SATNICA ?AKOVA?KA;.;.;.;.;.;.;.;;
3824;Splitsko-dalmatinska;SEGET;z;z;z;z;13;11;37;;
3832;Splitsko-dalmatinska;SELCA;z;.;z;z;z;.;z;;
3859;Me?imurska;SELNICA;.;.;.;.;.;.;.;;
3867;Osje?ko-baranjska;SEMELJCI;z;.;.;.;z;.;z;;
3875;Li?ko-senjska;SENJ;36;37;33;30;49;67;68;;
5622;Bjelovarsko-bilogorska;SEVERIN;.;.;.;.;.;.;.;;
3883;Brodsko-posavska;SIBINJ;.;z;.;.;.;.;z;;
5703;Brodsko-posavska;SIKIREVCI;.;.;.;.;.;.;z;;
3891;Splitsko-dalmatinska;SINJ;21;12;27;21;18;24;34;;
3905;Bjelovarsko-bilogorska;SIRA?;.;.;.;.;.;.;.;;
3913;Sisa?ko-moslava?ka;SISAK;135;117;109;105;169;166;196;;
3930;Primorsko-goranska;SKRAD;.;.;.;.;z;.;.;;
3948;Šibensko-kninska;SKRADIN;.;z;z;z;z;.;z;;
3956;Viroviti?ko-podravska;SLATINA;23;30;10;11;17;27;31;;
3964;Brodsko-posavska;SLAVONSKI BROD;189;155;134;159;198;221;192;;
3972;Brodsko-posavska;SLAVONSKI ŠAMAC;z;.;z;.;z;.;.;;
3999;Dubrova?ko-neretvanska;SLIVNO;z;z;z;16;13;z;13;;
4006;Karlova?ka;SLUNJ;z;21;12;z;z;z;z;;
4022;Dubrova?ko-neretvanska;SMOKVICA;.;.;.;z;.;.;.;;
4057;Koprivni?ko-križeva?ka;SOKOLOVAC;.;z;.;.;.;.;z;;
4065;Splitsko-dalmatinska;SOLIN;48;58;41;110;78;97;184;;
4073;Viroviti?ko-podravska;SOPJE;.;.;.;.;.;.;.;;
4090;Splitsko-dalmatinska;SPLIT;718;897;1238;1561;1721;1522;1202;;
4103;Varaždinska;SRA?INEC;.;.;.;z;.;.;.;;
4111;Zadarska;STANKOVCI;.;.;.;.;.;.;.;;
4120;Brodsko-posavska;STARA GRADIŠKA;.;.;.;.;.;z;z;;
4138;Splitsko-dalmatinska;STARI GRAD;z;z;.;z;15;11;z;;
4146;Vukovarsko-srijemska;STARI JANKOVCI;.;.;z;z;.;.;.;;
4154;Vukovarsko-srijemska;STARI MIKANOVCI;.;.;.;.;.;.;z;;
4162;Zadarska;STARIGRAD;11;z;z;10;13;z;18;;
4189;Brodsko-posavska;STARO PETROVO SELO;.;.;.;.;.;.;z;;
4197;Dubrova?ko-neretvanska;STON;.;z;z;.;z;z;z;;
6068;Me?imurska;STRAHONINEC;.;z;.;.;z;.;z;;
4219;Osje?ko-baranjska;STRIZIVOJNA;.;.;.;.;.;.;z;;
4227;Krapinsko-zagorska;STUBI?KE TOPLICE;z;z;z;z;z;z;10;;
5517;Zagreba?ka;STUPNIK;.;.;.;z;.;.;.;;
4235;Splitsko-dalmatinska;SU?URAJ;z;.;z;z;.;z;z;;
4243;Viroviti?ko-podravska;SUHOPOLJE;.;z;z;.;z;.;z;;
4251;Zadarska;SUKOŠAN;z;z;10;z;13;23;20;;
4260;Sisa?ko-moslava?ka;SUNJA;.;z;.;.;.;.;.;;
4278;Splitsko-dalmatinska;SUPETAR;38;27;15;10;31;31;40;;
5924;Splitsko-dalmatinska;SUTIVAN;23;13;z;14;15;14;17;;
6076;Me?imurska;SVETA MARIJA;.;.;.;.;.;.;z;;
4324;Istarska;SVETA NEDELJA;.;.;.;.;.;z;z;;
4367;Zagreba?ka;SVETA NEDELJA;16;14;18;25;49;42;79;;
4375;Varaždinska;SVETI ?UR?;.;.;.;.;.;.;.;;
4286;Zadarska;SVETI FILIP I JAKOV;29;33;27;11;37;36;35;;
4383;Varaždinska;SVETI ILIJA;.;.;.;.;.;.;.;;
4294;Zagreba?ka;SVETI IVAN ZELINA;z;z;z;z;z;z;14;;
4391;Koprivni?ko-križeva?ka;SVETI IVAN ŽABNO;z;.;.;z;.;.;.;;
4405;Me?imurska;SVETI JURAJ NA BREGU;.;.;.;.;.;.;.;;
4308;Krapinsko-zagorska;SVETI KRIŽ ZA?RETJE;z;z;z;z;z;.;z;;
4316;Istarska;SVETI LOVRE?;.;.;.;.;z;.;.;;
4413;Me?imurska;SVETI MARTIN NA MURI;z;z;z;z;z;z;z;;
4421;Koprivni?ko-križeva?ka;SVETI PETAR OREHOVEC;.;.;.;.;.;.;.;;
4332;Istarska;SVETI PETAR U ŠUMI;.;z;.;.;.;.;.;;
4359;Istarska;SVETVIN?ENAT;z;.;.;.;z;.;z;;
5649;Bjelovarsko-bilogorska;ŠANDROVAC;.;.;.;.;.;.;z;;
6084;Me?imurska;ŠENKOVEC;z;.;z;.;z;.;z;;
4430;Splitsko-dalmatinska;ŠESTANOVAC;.;.;.;.;.;.;z;;
4448;Šibensko-kninska;ŠIBENIK;102;106;129;147;230;250;386;;
4456;Zadarska;ŠKABRNJA;.;.;.;.;.;.;.;;
6149;Osje?ko-baranjska;ŠODOLOVCI;.;.;.;.;.;.;.;;
4472;Splitsko-dalmatinska;ŠOLTA;47;27;23;23;45;72;23;;
4499;Viroviti?ko-podravska;ŠPIŠI? BUKOVICA;.;.;.;.;.;.;.;;
4502;Bjelovarsko-bilogorska;ŠTEFANJE;.;.;.;.;.;.;.;;
6289;Vukovarsko-srijemska;ŠTITAR;.;.;.;.;.;.;.;;
4529;Me?imurska;ŠTRIGOVA;z;z;z;.;z;.;.;;
6319;Istarska;TAR-VABRIGA - TORRE-ABREGA;20;27;22;22;32;26;41;;
4537;Istarska;TINJAN;.;z;.;.;.;.;.;;
4545;Šibensko-kninska;TISNO;z;z;z;z;10;14;10;;
5754;Zadarska;TKON;z;z;z;z;z;z;12;;
4561;Vukovarsko-srijemska;TOMPOJEVCI;.;.;.;.;.;.;.;;
4570;Sisa?ko-moslava?ka;TOPUSKO;z;z;z;z;z;z;z;;
4588;Vukovarsko-srijemska;TORDINCI;.;.;.;.;.;.;.;;
5576;Karlova?ka;TOUNJ;z;.;z;.;z;.;z;;
4596;Vukovarsko-srijemska;TOVARNIK;.;.;z;.;.;.;.;;
6262;Šibensko-kninska;TRIBUNJ;15;z;z;z;z;17;28;;
4600;Splitsko-dalmatinska;TRILJ;z;z;z;z;z;.;z;;
4618;Osje?ko-baranjska;TRNAVA;.;.;.;.;.;.;.;;
4626;Varaždinska;TRNOVEC BARTOLOVE?KI;.;.;.;.;z;.;.;;
4634;Splitsko-dalmatinska;TROGIR;53;49;58;48;55;49;75;;
6017;Dubrova?ko-neretvanska;TRPANJ;z;.;.;.;z;.;z;;
4642;Vukovarsko-srijemska;TRPINJA;.;.;.;z;.;.;z;;
5932;Splitsko-dalmatinska;TU?EPI;.;z;z;11;z;.;z;;
4669;Krapinsko-zagorska;TUHELJ;.;.;.;.;.;.;.;;
4677;Li?ko-senjska;UDBINA;.;.;z;z;.;.;z;;
4685;Istarska;UMAG - UMAGO;148;180;155;147;174;305;167;;
4693;Šibensko-kninska;UNEŠI?;.;.;.;.;.;.;.;;
4715;Osje?ko-baranjska;VALPOVO;10;17;z;19;23;10;31;;
4723;Varaždinska;VARAŽDIN;252;213;261;458;391;275;273;;
4731;Varaždinska;VARAŽDINSKE TOPLICE;z;z;z;z;z;.;z;;
4740;Dubrova?ko-neretvanska;VELA LUKA;.;z;z;z;z;z;.;;
4758;Požeško-slavonska;VELIKA;.;.;.;.;.;.;.;;
5410;Zagreba?ka;VELIKA GORICA;124;120;98;129;129;230;273;;
4766;Brodsko-posavska;VELIKA KOPANICA;.;.;.;z;.;.;z;;
4774;Sisa?ko-moslava?ka;VELIKA LUDINA;z;.;z;.;.;.;.;;
4782;Bjelovarsko-bilogorska;VELIKA PISANICA;.;.;.;.;.;.;.;;
5657;Bjelovarsko-bilogorska;VELIKA TRNOVITICA;.;z;.;.;.;.;z;;
5584;Varaždinska;VELIKI BUKOVEC;.;.;.;z;.;.;z;;
4804;Bjelovarsko-bilogorska;VELIKI GR?EVAC;.;.;z;.;z;.;z;;
4812;Krapinsko-zagorska;VELIKO TRGOVIŠ?E;z;z;z;z;z;z;z;;
4839;Bjelovarsko-bilogorska;VELIKO TROJSTVO;.;.;.;.;.;.;.;;
4847;Varaždinska;VIDOVEC;.;.;.;.;z;.;.;;
4855;Osje?ko-baranjska;VILJEVO;.;.;.;.;.;.;.;;
4863;Varaždinska;VINICA;z;.;.;.;z;z;.;;
4871;Vukovarsko-srijemska;VINKOVCI;186;111;121;181;129;142;126;;
4880;Primorsko-goranska;VINODOLSKA OP?INA;z;z;z;z;z;z;z;;
4898;Zadarska;VIR;56;54;58;51;63;107;136;;
4901;Koprivni?ko-križeva?ka;VIRJE;z;z;.;.;z;z;14;;
4910;Viroviti?ko-podravska;VIROVITICA;41;54;44;19;34;62;70;;
4928;Splitsko-dalmatinska;VIS;z;z;z;z;11;z;12;;
4936;Varaždinska;VISOKO;.;.;.;.;.;.;.;;
4944;Osje?ko-baranjska;VIŠKOVCI;.;.;.;.;.;.;.;;
4952;Primorsko-goranska;VIŠKOVO;111;79;88;118;138;114;175;;
4979;Istarska;VIŠNJAN - VISIGNANO;z;z;.;z;z;z;z;;
4987;Istarska;VIŽINADA - VISINADA;.;.;.;.;.;.;z;;
5797;Osje?ko-baranjska;VLADISLAVCI;.;z;.;z;z;.;.;;
4995;Viroviti?ko-podravska;VO?IN;z;z;.;z;.;.;.;;
5002;Šibensko-kninska;VODICE;70;56;53;61;90;111;155;;
5029;Istarska;VODNJAN - DIGNANO;53;54;58;54;77;94;79;;
5843;Vukovarsko-srijemska;VO?INCI;z;.;.;z;.;.;.;;
5037;Karlova?ka;VOJNI?;z;.;.;.;.;.;z;;
5045;Me?imurska;VRATIŠINEC;.;.;.;.;.;.;.;;
5053;Vukovarsko-srijemska;VRBANJA;z;.;.;z;.;.;z;;
5061;Brodsko-posavska;VRBJE;.;.;.;.;.;.;.;;
5070;Primorsko-goranska;VRBNIK;z;z;z;z;z;.;z;;
5088;Zagreba?ka;VRBOVEC;10;10;19;13;12;12;z;;
5096;Primorsko-goranska;VRBOVSKO;z;z;z;z;z;z;10;;
5118;Splitsko-dalmatinska;VRGORAC;z;z;z;z;z;z;z;;
5126;Li?ko-senjska;VRHOVINE;.;z;.;.;z;.;.;;
5134;Splitsko-dalmatinska;VRLIKA;.;z;.;.;z;.;z;;
5142;Brodsko-posavska;VRPOLJE;.;.;z;.;.;.;.;;
5169;Istarska;VRSAR - ORSERA;17;16;10;z;15;20;35;;
6254;Zadarska;VRSI;11;15;13;z;10;42;20;;
5177;Osje?ko-baranjska;VUKA;.;.;.;.;.;.;.;;
5185;Vukovarsko-srijemska;VUKOVAR;284;185;230;207;175;146;147;;
5193;Krapinsko-zagorska;ZABOK;22;13;19;26;36;35;21;;
5207;Zadarska;ZADAR;442;367;378;567;669;687;796;;
5959;Splitsko-dalmatinska;ZADVARJE;.;.;.;.;.;.;z;;
5215;Krapinsko-zagorska;ZAGORSKA SELA;.;.;.;.;.;.;.;;
5223;Splitsko-dalmatinska;ZAGVOZD;.;.;.;.;z;.;.;;
5436;Zagreba?ka;ZAPREŠI?;87;70;96;83;124;143;147;;
5231;Dubrova?ko-neretvanska;ZAŽABLJE;.;.;.;.;.;.;.;;
5240;Viroviti?ko-podravska;ZDENCI;.;.;.;.;z;.;.;;
5258;Zadarska;ZEMUNIK DONJI;.;.;.;.;.;.;.;;
5266;Krapinsko-zagorska;ZLATAR;z;z;z;z;z;z;z;;
5274;Krapinsko-zagorska;ZLATAR BISTRICA;z;z;z;.;z;.;z;;
5282;Splitsko-dalmatinska;ZMIJAVCI;.;.;.;.;.;.;.;;
5665;Bjelovarsko-bilogorska;ZRINSKI TOPOLOVAC;.;.;.;.;.;.;.;;
5304;Karlova?ka;ŽAKANJE;.;.;.;.;.;.;.;;
5312;Istarska;ŽMINJ;z;z;.;z;.;.;z;;
5401;Zagreba?ka;ŽUMBERAK;.;.;.;.;.;.;.;;
6025;Dubrova?ko-neretvanska;ŽUPA DUBROVA?KA;16;26;25;16;28;21;28;;
5347;Vukovarsko-srijemska;ŽUPANJA;31;31;22;19;28;23;22;;
